MilestoneID,ParticipantID,MilestoneTitle,MilestoneDate
M1,P1,AA in Art & Design,2025-03-07
M2,P1,Clinical Data Coordinator,2024-11-03
M3,P2,Middle School Diploma,2022-08-29
M4,P2,Published Project,2022-11-13
M5,P3,High School Diploma,2025-05-02
M6,P4,Mentorship Program,2023-06-26
M7,P4,Internship,2022-09-28
M8,P4,BS in Information Systems,2024-01-21
M9,P5,High School Diploma,2023-12-31
M10,P6,Junior QA Tester,2029-06-02
M11,P7,Middle School Diploma,2025-10-18
M12,P7,Product Designer,2032-02-02
M13,P8,Published Project,2024-05-06
M14,P9,BA in Studio Arts,2029-11-13
M15,P9,High School Diploma,2026-11-13
M16,P10,AA in Art & Design,2022-02-15
M17,P10,Systems Analyst,2022-07-19
M18,P10,IT Help Desk Trainee,2022-02-04
M19,P11,Published Project,2023-07-27
M20,P11,Product Designer,2033-05-01
M21,P12,High School Diploma,2023-09-21
M22,P12,Internship,2024-01-11
M23,P13,Digital Illustration Certificate,2023-08-10
M24,P14,High School Diploma,2022-10-09
M25,P15,Competition Award,2024-01-03
M26,P16,Customer Support Rep,2025-11-09
M27,P17,Competition Award,2023-03-19
M28,P18,Digital Illustration Certificate,2028-02-04
M29,P19,Competition Award,2022-10-31
M30,P20,BS in Information Systems,2022-10-19
M31,P21,MFA in Studio Arts,2024-09-10
M32,P22,Internship,2025-03-28
M33,P23,High School Diploma,2023-11-25
M34,P24,Data Analytics Certificate,2023-04-12
M35,P24,Customer Support Rep,2022-03-12
M36,P25,Customer Support Rep,2025-07-29
M37,P26,Internship,2023-09-02
M38,P27,Internship,2023-11-02
M39,P27,BS in Information Systems,2024-03-11
M40,P28,Internship,2023-06-16
M41,P29,Camp Counselor,2025-07-16
M42,P30,Published Project,2024-01-26
M43,P31,BA in Studio Arts,2033-06-02
M44,P31,Data Analytics Certificate,2031-06-02
M45,P32,High School Diploma,2023-04-09
M46,P33,AA in Art & Design,2028-07-31
M47,P34,AAS in Drafting & Design,2025-08-22
M48,P35,BS in Mechanical Engineering,2032-12-16
M49,P36,Middle School Diploma,2026-01-28
M50,P36,AAS in Drafting & Design,2025-04-01
M51,P37,Studio Assistant,2025-03-05
M52,P38,Web Development Certificate,2026-03-06
M53,P39,Middle School Diploma,2023-08-14
M54,P40,Competition Award,2026-02-09
M55,P41,Middle School Diploma,2024-09-30
M56,P42,MBA,2022-04-01
M57,P43,Internship,2023-12-02
M58,P44,AA in Art & Design,2024-11-20
M59,P44,Middle School Diploma,2024-11-10
M60,P45,Published Project,2026-02-02
M61,P46,Mentorship Program,2026-01-14
M62,P47,Camp Counselor,2025-08-09
M63,P47,AA in Art & Design,2026-08-28
M64,P47,Published Project,2025-03-03
M65,P48,High School Diploma,2025-05-03
M66,P49,Clinical Data Coordinator,2029-06-02
M67,P49,Published Project,2022-03-24
M68,P50,Clinical Data Coordinator,2031-07-15
M69,P50,Retail Assistant,2024-06-09
M70,P51,Mentorship Program,2024-05-04
M71,P51,Competition Award,2023-09-01
M72,P52,Camp Counselor,2023-09-04
M73,P52,MFA in Studio Arts,2036-01-02
M74,P53,IT Help Desk Trainee,2024-05-30
M75,P53,Middle School Diploma,2024-08-29
M76,P54,Systems Analyst,2028-04-30
M77,P55,BA in Studio Arts,2024-11-22
M78,P56,Lifeguard,2025-11-11
M79,P57,Middle School Diploma,2023-04-28
M80,P57,Competition Award,2023-08-26
M81,P58,Internship,2024-10-10
M82,P58,BA in Studio Arts,2022-11-23
M83,P59,Internship,2024-04-05
M84,P60,Competition Award,2022-12-25
M85,P61,Middle School Diploma,2025-10-10
M86,P62,AS in Information Systems,2026-04-02
M87,P63,Studio Assistant,2027-11-30
M88,P64,BS in Data Analytics,2033-05-07
M89,P64,Published Project,2025-12-16
M90,P65,Customer Support Rep,2023-04-25
M91,P66,Mentorship Program,2025-09-20
M92,P67,Middle School Diploma,2022-11-19
M93,P68,MBA,2027-07-18
M94,P68,Mentorship Program,2026-04-17
M95,P69,AS in Computer Science,2022-12-06
M96,P70,Middle School Diploma,2025-11-26
M97,P71,Competition Award,2023-05-19
M98,P71,Published Project,2023-11-20
M99,P72,AAS in Drafting & Design,2024-02-21
M100,P73,Web Development Certificate,2032-04-02
M101,P74,MS in Information Systems,2026-10-12
M102,P75,High School Diploma,2030-08-23
M103,P76,Competition Award,2026-01-19
M104,P76,Middle School Diploma,2025-12-08
M105,P76,MBA,2027-08-23
M106,P78,Product Designer,2032-03-15
M107,P79,Web Development Certificate,2030-10-24
M108,P79,Lab Assistant,2029-10-24
M109,P79,Middle School Diploma,2025-10-24
M110,P80,Mentorship Program,2025-10-31
M111,P81,Middle School Diploma,2023-10-31
M112,P82,Data Analyst,2033-07-11
M113,P83,Mentorship Program,2023-03-15
M114,P84,MS in Information Systems,2026-06-04
M115,P84,Published Project,2026-06-18
M116,P85,Published Project,2023-04-29
M117,P86,Studio Assistant,2023-02-11
M118,P87,Competition Award,2024-06-29
M119,P88,Published Project,2024-03-14
M120,P89,High School Diploma,2029-10-01
M121,P90,Digital Illustration Certificate,2030-01-11
M122,P90,Camp Counselor,2022-07-12
M123,P91,BS in Computer Science,2023-05-13
M124,P92,MFA in Studio Arts,2025-01-15
M125,P93,Internship,2025-08-15
M126,P93,Junior Art Assistant,2025-04-20
M127,P93,BS in Data Analytics,2026-08-09
M128,P94,Mentorship Program,2025-05-22
M129,P94,Web Development Certificate,2027-05-22
M130,P94,AAS in Drafting & Design,2027-05-22
M131,P95,BA in Studio Arts,2025-09-28
M132,P95,Internship,2022-04-17
M133,P96,Mentorship Program,2022-06-07
M134,P97,IT Support Certificate,2030-11-19
M135,P98,IT Support Certificate,2025-10-26
M136,P99,Internship,2023-02-20
M137,P100,High School Diploma,2030-02-15
M138,P101,Published Project,2023-07-28
M139,P102,IT Help Desk Trainee,2023-08-17
M140,P103,Data Analyst,2027-01-15
M141,P104,Camp Counselor,2023-09-18
M142,P104,IT Support Certificate,2029-09-02
M143,P105,Middle School Diploma,2024-04-25
M144,P106,BS in Data Analytics,2031-03-07
M145,P107,IT Help Desk Trainee,2025-02-27
M146,P108,Published Project,2025-01-09
M147,P108,Internship,2024-12-26
M148,P109,Product Designer,2023-11-30
M149,P110,Published Project,2025-11-07
M150,P110,Competition Award,2026-01-19
M151,P111,Digital Illustration Certificate,2026-03-31
M152,P111,MBA,2025-11-08
M153,P112,Web Development Certificate,2032-09-29
M154,P112,AS in Information Systems,2032-09-29
M155,P112,Middle School Diploma,2027-09-29
M156,P113,Clinical Data Coordinator,2031-07-02
M157,P114,BS in Information Systems,2031-02-10
M158,P115,Lab Assistant,2028-09-07
M159,P116,IT Support Certificate,2025-04-16
M160,P117,BS in Information Systems,2033-01-14
M161,P118,Published Project,2024-02-06
M162,P119,Systems Analyst,2022-10-16
M163,P120,Internship,2022-07-17
M164,P120,Junior QA Tester,2025-03-14
M165,P120,Published Project,2023-12-08
M166,P121,Clinical Data Coordinator,2022-01-23
M167,P122,High School Diploma,2025-05-15
M168,P123,BS in Data Analytics,2025-02-06
M169,P123,Mentorship Program,2025-08-31
M170,P124,Published Project,2022-04-28
M171,P124,Competition Award,2022-08-03
M172,P124,Mentorship Program,2022-03-11
M173,P125,High School Diploma,2026-07-06
M174,P126,Camp Counselor,2025-09-11
M175,P126,High School Diploma,2026-01-14
M176,P126,Web Development Certificate,2026-04-14
M177,P127,Competition Award,2025-06-15
M178,P127,Retail Assistant,2025-07-11
M179,P128,Published Project,2025-01-12
M180,P129,High School Diploma,2024-04-05
M181,P130,Data Analyst,2026-08-08
M182,P131,Internship,2025-02-21
M183,P132,Retail Assistant,2023-08-03
M184,P133,Data Analyst,2026-12-06
M185,P133,Junior Art Assistant,2023-04-16
M186,P134,Published Project,2023-12-28
M187,P135,Retail Assistant,2025-05-18
M188,P135,Published Project,2025-01-29
M189,P137,Web Development Certificate,2024-12-06
M190,P138,Lab Assistant,2030-02-12
M191,P138,Lifeguard,2023-05-23
M192,P139,Middle School Diploma,2027-12-07
M193,P139,Retail Assistant,2022-03-25
M194,P140,Lifeguard,2022-03-23
M195,P141,MS in Data Science,2026-04-01
M196,P142,Data Analyst,2024-09-15
M197,P143,BS in Computer Science,2027-10-14
M198,P143,Software Engineer I,2027-11-13
M199,P144,Middle School Diploma,2025-03-09
M200,P144,Junior Art Assistant,2024-11-25
M201,P144,Internship,2024-12-23
M202,P145,Internship,2025-01-17
M203,P146,AAS in Drafting & Design,2032-09-23
M204,P147,Middle School Diploma,2023-03-07
M205,P147,Digital Illustration Certificate,2027-06-09
M206,P147,Mentorship Program,2024-11-16
M207,P148,IT Help Desk Trainee,2022-12-27
M208,P148,Apprentice Technician,2022-07-13
M209,P149,Competition Award,2024-02-09
M210,P149,High School Diploma,2030-04-11
M211,P150,Competition Award,2025-01-21
M212,P150,Customer Support Rep,2029-02-28
M213,P151,Lifeguard,2025-10-02
M214,P152,Middle School Diploma,2025-10-29
M215,P153,High School Diploma,2026-03-21
M216,P154,Middle School Diploma,2025-05-08
M217,P154,MS in Information Systems,2029-11-09
M218,P155,Internship,2024-04-20
M219,P156,Published Project,2022-06-24
M220,P156,Internship,2022-07-01
M221,P156,High School Diploma,2022-12-04
M222,P157,Internship,2024-07-28
M223,P157,High School Diploma,2029-09-18
M224,P159,High School Diploma,2024-10-01
M225,P159,Mentorship Program,2024-08-21
M226,P160,Systems Analyst,2025-08-20
M227,P161,Mentorship Program,2024-06-01
M228,P161,Published Project,2024-04-14
M229,P162,Competition Award,2024-06-28
M230,P164,MBA,2031-04-12
M231,P165,BS in Data Analytics,2026-04-29
M232,P166,Web Development Certificate,2026-01-29
M233,P166,Customer Support Rep,2025-01-29
M234,P167,Middle School Diploma,2025-05-11
M235,P168,Middle School Diploma,2023-11-11
M236,P168,Mentorship Program,2023-08-14
M237,P168,BS in Mechanical Engineering,2023-11-18
M238,P169,Internship,2023-03-21
M239,P171,Middle School Diploma,2025-01-31
M240,P172,AA in Art & Design,2030-03-04
M241,P173,Competition Award,2023-12-31
M242,P174,Camp Counselor,2024-03-07
M243,P174,High School Diploma,2026-05-19
M244,P175,Middle School Diploma,2024-06-26
M245,P176,Internship,2025-03-16
M246,P176,AS in Information Systems,2029-01-19
M247,P177,Internship,2024-01-12
M248,P178,Published Project,2023-08-29
M249,P178,Internship,2023-12-11
M250,P179,High School Diploma,2025-04-02
M251,P180,Studio Assistant,2029-09-15
M252,P182,Middle School Diploma,2025-08-26
M253,P183,Internship,2023-12-08
M254,P183,Studio Assistant,2023-06-10
M255,P184,High School Diploma,2023-12-19
M256,P185,Internship,2022-11-01
M257,P186,Mentorship Program,2024-09-07
M258,P187,Product Designer,2026-04-12
M259,P188,Data Analyst,2034-10-16
M260,P189,BS in Data Analytics,2024-11-05
M261,P189,Software Engineer I,2025-02-19
M262,P190,MBA,2023-03-30
M263,P191,Published Project,2025-07-30
M264,P192,IT Support Certificate,2028-11-23
M265,P192,Retail Assistant,2023-03-21
M266,P193,High School Diploma,2025-12-16
M267,P194,Clinical Data Coordinator,2030-08-15
M268,P194,Internship,2023-12-13
M269,P195,Data Analytics Certificate,2029-04-11
M270,P196,AS in Information Systems,2023-12-25
M271,P196,IT Support Certificate,2023-12-06
M272,P197,Internship,2023-01-08
M273,P198,Systems Analyst,2023-09-17
M274,P199,High School Diploma,2031-02-10
M275,P200,Competition Award,2026-08-07
M276,P201,Mentorship Program,2026-02-07
M277,P201,Systems Analyst,2025-07-05
M278,P201,High School Diploma,2022-10-18
M279,P202,Middle School Diploma,2024-05-19
M280,P202,MS in Data Science,2024-04-05
M281,P204,Published Project,2022-08-11
M282,P204,Middle School Diploma,2022-04-17
M283,P205,Published Project,2026-01-25
M284,P206,Middle School Diploma,2025-04-14
M285,P206,MBA,2028-02-17
M286,P207,Junior QA Tester,2025-10-29
M287,P208,AS in Information Systems,2025-12-20
M288,P208,Published Project,2025-10-25
M289,P209,BS in Information Systems,2028-04-01
M290,P209,AS in Information Systems,2026-04-01
M291,P210,Digital Illustration Certificate,2029-04-26
M292,P211,Junior QA Tester,2024-07-25
M293,P211,Junior Art Assistant,2025-01-18
M294,P212,BS in Data Analytics,2032-09-14
M295,P212,Middle School Diploma,2025-09-14
M296,P213,Digital Illustration Certificate,2024-01-21
M297,P213,Internship,2023-10-15
M298,P214,Junior Art Assistant,2023-01-02
M299,P215,AS in Computer Science,2024-11-23
M300,P216,Mentorship Program,2022-11-01
M301,P216,Competition Award,2022-05-31
M302,P217,High School Diploma,2027-07-08
M303,P218,Retail Assistant,2025-07-20
M304,P219,AS in Computer Science,2023-09-06
M305,P219,Internship,2023-10-06
M306,P220,Middle School Diploma,2025-07-09
M307,P220,High School Diploma,2026-07-09
M308,P221,Published Project,2023-10-04
M309,P222,Competition Award,2023-11-13
M310,P223,MFA in Studio Arts,2034-08-04
M311,P224,Lifeguard,2025-05-31
M312,P225,IT Help Desk Trainee,2023-12-09
M313,P225,Published Project,2023-09-15
M314,P226,Middle School Diploma,2023-12-16
M315,P228,Web Development Certificate,2032-07-10
M316,P229,Competition Award,2025-01-16
M317,P230,MBA,2025-11-07
M318,P231,Retail Assistant,2025-09-12
M319,P232,High School Diploma,2030-05-22
M320,P233,Internship,2022-07-17
M321,P233,Competition Award,2024-01-10
M322,P234,Competition Award,2022-07-01
M323,P235,IT Support Certificate,2025-11-29
M324,P235,AS in Computer Science,2025-11-29
M325,P235,Camp Counselor,2024-11-02
M326,P236,Competition Award,2024-12-10
M327,P236,Mentorship Program,2024-09-20
M328,P237,Internship,2025-07-09
M329,P238,Lab Assistant,2030-09-16
M330,P239,Lab Assistant,2025-02-28
M331,P240,Web Development Certificate,2022-09-22
M332,P241,MS in Information Systems,2031-11-11
M333,P242,Software Engineer I,2028-07-07
M334,P243,Systems Analyst,2035-04-06
M335,P243,Web Development Certificate,2032-04-06
M336,P244,Middle School Diploma,2024-04-28
M337,P245,Web Development Certificate,2023-07-24
M338,P246,Competition Award,2023-08-20
M339,P247,Mentorship Program,2022-05-10
M340,P248,Middle School Diploma,2022-06-13
M341,P249,Published Project,2024-04-16
M342,P249,Competition Award,2022-06-11
M343,P250,Middle School Diploma,2025-01-28
M344,P251,BS in Information Systems,2025-10-24
M345,P252,MS in Information Systems,2035-02-09
M346,P252,Published Project,2024-05-20
M347,P253,Mentorship Program,2026-03-20
M348,P253,MFA in Studio Arts,2026-10-19
M349,P253,Middle School Diploma,2024-03-11
M350,P254,Internship,2024-07-22
M351,P254,Competition Award,2024-08-22
M352,P255,MS in Information Systems,2026-12-01
M353,P255,Published Project,2025-12-13
M354,P257,MS in Data Science,2022-10-05
M355,P258,Middle School Diploma,2024-09-16
M356,P259,High School Diploma,2025-12-15
M357,P260,AA in Art & Design,2027-10-02
M358,P261,Middle School Diploma,2022-04-05
M359,P261,Web Development Certificate,2022-08-15
M360,P261,Software Engineer I,2022-10-04
M361,P262,Published Project,2025-12-23
M362,P263,Camp Counselor,2022-07-04
M363,P264,Digital Illustration Certificate,2022-07-08
M364,P265,IT Help Desk Trainee,2024-08-15
M365,P265,Competition Award,2024-11-01
M366,P266,Camp Counselor,2025-09-09
M367,P267,MS in Information Systems,2023-06-02
M368,P267,Software Engineer I,2023-07-02
M369,P268,Web Development Certificate,2025-01-08
M370,P269,Customer Support Rep,2027-08-22
M371,P270,AS in Computer Science,2025-04-14
M372,P271,Camp Counselor,2022-12-28
M373,P273,AAS in Drafting & Design,2023-09-22
M374,P274,Junior QA Tester,2026-07-04
M375,P275,Apprentice Technician,2031-08-04
M376,P275,BA in Studio Arts,2034-08-04
M377,P276,Published Project,2023-04-22
M378,P279,High School Diploma,2026-02-07
M379,P279,Data Analytics Certificate,2026-05-08
M380,P280,Competition Award,2025-07-30
M381,P282,Camp Counselor,2024-12-18
M382,P283,MBA,2030-09-29
M383,P284,MBA,2027-04-23
M384,P286,MFA in Studio Arts,2029-03-06
M385,P287,AS in Computer Science,2025-07-06
M386,P288,Customer Support Rep,2027-03-12
M387,P288,Mentorship Program,2025-07-30
M388,P288,IT Support Certificate,2028-03-12
M389,P289,Published Project,2025-07-27
M390,P289,Middle School Diploma,2025-08-18
M391,P290,Web Development Certificate,2025-06-12
M392,P290,AA in Art & Design,2025-07-08
M393,P290,Mentorship Program,2023-07-19
M394,P291,Mentorship Program,2024-08-19
M395,P292,Published Project,2025-09-27
M396,P293,Competition Award,2025-03-24
M397,P294,Published Project,2024-04-13
M398,P294,Mentorship Program,2025-01-13
M399,P295,Clinical Data Coordinator,2030-07-29
M400,P296,Apprentice Technician,2023-09-06
M401,P296,Competition Award,2023-02-16
M402,P296,MS in Information Systems,2024-03-09
M403,P297,Retail Assistant,2023-07-09
M404,P297,AA in Art & Design,2024-09-21
M405,P298,IT Help Desk Trainee,2022-08-09
M406,P298,Systems Analyst,2023-03-12
M407,P299,Software Engineer I,2033-05-02
M408,P300,Internship,2025-05-10
M409,P301,Published Project,2023-03-19
M410,P302,Mentorship Program,2025-08-21
M411,P302,AAS in Drafting & Design,2025-10-26
M412,P303,BS in Computer Science,2026-01-22
M413,P304,Internship,2025-08-15
M414,P305,Web Development Certificate,2025-01-16
M415,P305,BS in Computer Science,2024-08-19
M416,P305,Systems Analyst,2024-09-18
M417,P306,Middle School Diploma,2022-03-20
M418,P307,Data Analyst,2027-03-25
M419,P308,AAS in Drafting & Design,2025-06-21
M420,P309,Competition Award,2022-07-06
M421,P309,Mentorship Program,2025-01-20
M422,P310,Middle School Diploma,2023-07-10
M423,P311,High School Diploma,2022-08-27
M424,P312,Studio Assistant,2029-09-17
M425,P313,Middle School Diploma,2025-01-05
M426,P314,Web Development Certificate,2025-01-14
M427,P315,Middle School Diploma,2027-06-08
M428,P315,Digital Illustration Certificate,2032-06-08
M429,P316,High School Diploma,2026-02-04
M430,P318,AS in Computer Science,2025-08-06
M431,P319,Data Analyst,2025-10-29
M432,P320,MBA,2029-08-18
M433,P321,Internship,2022-01-15
M434,P322,Lifeguard,2025-09-28
M435,P323,AS in Computer Science,2023-06-02
M436,P324,High School Diploma,2029-02-02
M437,P325,BS in Data Analytics,2034-11-17
M438,P326,Middle School Diploma,2023-01-09
M439,P326,Apprentice Technician,2023-02-05
M440,P327,MBA,2024-08-11
M441,P328,Data Analyst,2030-02-06
M442,P328,Customer Support Rep,2026-02-06
M443,P329,Internship,2023-09-29
M444,P329,Middle School Diploma,2023-09-25
M445,P330,Digital Illustration Certificate,2022-08-10
M446,P330,BA in Studio Arts,2022-05-19
M447,P331,MS in Data Science,2031-05-13
M448,P332,Clinical Data Coordinator,2031-01-22
M449,P333,Published Project,2024-06-28
M450,P334,Published Project,2024-02-23
M451,P334,Retail Assistant,2023-09-26
M452,P335,AS in Information Systems,2031-09-25
M453,P336,BS in Information Systems,2034-06-10
M454,P337,Mentorship Program,2025-06-28
M455,P338,Internship,2025-07-14
M456,P339,Middle School Diploma,2025-12-30
M457,P340,AA in Art & Design,2022-11-15
M458,P341,BS in Information Systems,2025-09-21
M459,P342,Web Development Certificate,2025-01-13
M460,P343,Published Project,2025-04-13
M461,P344,Junior QA Tester,2023-09-24
M462,P345,High School Diploma,2022-03-26
M463,P345,Camp Counselor,2022-01-25
M464,P346,Camp Counselor,2023-08-03
M465,P346,AS in Information Systems,2023-06-20
M466,P347,Systems Analyst,2032-01-10
M467,P348,Published Project,2023-06-19
M468,P349,Internship,2025-06-02
M469,P350,Competition Award,2025-04-14
M470,P350,Customer Support Rep,2025-08-13
M471,P351,AAS in Drafting & Design,2025-10-27
M472,P352,BS in Data Analytics,2026-03-20
M473,P353,BA in Studio Arts,2027-01-26
M474,P353,Competition Award,2023-08-07
M475,P353,Published Project,2025-10-05
M476,P353,Digital Illustration Certificate,2025-01-26
M477,P354,Junior Art Assistant,2022-02-17
M478,P354,AA in Art & Design,2023-11-13
M479,P355,BS in Computer Science,2022-11-29
M480,P356,IT Help Desk Trainee,2026-01-28
M481,P357,IT Support Certificate,2024-10-24
M482,P357,MS in Information Systems,2026-03-02
M483,P358,BS in Mechanical Engineering,2024-10-15
M484,P359,MS in Information Systems,2034-02-24
M485,P359,Data Analytics Certificate,2030-02-24
M486,P360,Lifeguard,2024-12-22
M487,P361,Product Designer,2022-10-25
M488,P362,Software Engineer I,2024-07-24
M489,P362,IT Help Desk Trainee,2023-06-22
M490,P363,Competition Award,2024-01-07
M491,P364,Mentorship Program,2023-10-10
M492,P364,Middle School Diploma,2023-08-18
M493,P365,IT Support Certificate,2022-10-27
M494,P365,Mentorship Program,2022-07-24
M495,P366,Internship,2025-08-15
M496,P367,Internship,2023-08-21
M497,P368,Internship,2022-03-13
M498,P369,Internship,2022-09-07
M499,P370,Apprentice Technician,2030-09-29
M500,P371,MBA,2031-02-16
M501,P371,Internship,2024-10-27
M502,P372,Internship,2024-12-29
M503,P372,Published Project,2025-04-21
M504,P373,High School Diploma,2024-10-20
M505,P374,Customer Support Rep,2024-09-13
M506,P374,BA in Studio Arts,2027-04-15
M507,P375,Digital Illustration Certificate,2024-11-06
M508,P376,Published Project,2026-06-21
M509,P377,IT Support Certificate,2031-10-20
M510,P377,Internship,2023-10-10
M511,P378,Studio Assistant,2025-12-25
M512,P379,High School Diploma,2023-10-24
M513,P381,AS in Information Systems,2023-12-06
M514,P382,Clinical Data Coordinator,2025-09-15
M515,P383,BA in Studio Arts,2022-06-25
M516,P384,Competition Award,2022-03-11
M517,P385,MS in Data Science,2032-06-02
M518,P385,AA in Art & Design,2028-06-02
M519,P386,Competition Award,2022-06-21
M520,P387,Competition Award,2026-06-06
M521,P388,Camp Counselor,2025-10-14
M522,P389,Lifeguard,2022-03-04
M523,P390,BS in Mechanical Engineering,2033-09-16
M524,P390,Internship,2025-06-25
M525,P390,High School Diploma,2030-09-16
M526,P391,Mentorship Program,2024-07-26
M527,P392,High School Diploma,2027-10-31
M528,P393,Mentorship Program,2023-09-03
M529,P395,Competition Award,2024-07-11
M530,P395,AAS in Drafting & Design,2024-03-20
M531,P396,Middle School Diploma,2024-10-07
M532,P397,High School Diploma,2024-08-17
M533,P398,MS in Data Science,2025-08-06
M534,P400,AS in Computer Science,2026-08-23
M535,P401,Internship,2024-02-23
M536,P402,Middle School Diploma,2023-02-08
M537,P403,Web Development Certificate,2029-06-26
M538,P404,Web Development Certificate,2026-04-18
M539,P404,Retail Assistant,2025-11-10
M540,P406,Junior Art Assistant,2022-07-06
M541,P407,BS in Data Analytics,2024-02-22
M542,P408,IT Support Certificate,2023-04-17
M543,P409,Software Engineer I,2034-05-24
M544,P410,AS in Information Systems,2025-08-23
M545,P410,Data Analytics Certificate,2024-10-24
M546,P410,Published Project,2025-02-05
M547,P410,Lifeguard,2025-10-11
M548,P411,AA in Art & Design,2025-01-17
M549,P411,Published Project,2024-09-15
M550,P412,BA in Studio Arts,2028-05-27
M551,P413,Junior QA Tester,2024-08-27
M552,P414,Systems Analyst,2025-08-15
M553,P414,MS in Data Science,2025-07-16
M554,P415,IT Support Certificate,2025-11-08
M555,P416,BS in Mechanical Engineering,2030-12-04
M556,P417,AA in Art & Design,2025-08-16
M557,P418,AA in Art & Design,2032-12-23
M558,P419,Middle School Diploma,2025-06-07
M559,P420,BS in Mechanical Engineering,2024-07-10
M560,P421,High School Diploma,2025-06-30
M561,P422,Product Designer,2035-04-23
M562,P424,Published Project,2022-11-29
M563,P426,AA in Art & Design,2029-12-20
M564,P427,AA in Art & Design,2022-06-26
M565,P428,Internship,2023-04-08
M566,P428,Retail Assistant,2022-11-12
M567,P429,Lab Assistant,2025-05-13
M568,P430,Competition Award,2023-12-21
M569,P431,IT Help Desk Trainee,2025-01-31
M570,P431,Internship,2025-04-13
M571,P433,Published Project,2025-02-06
M572,P434,Studio Assistant,2023-08-26
M573,P435,MS in Data Science,2026-06-13
M574,P435,Published Project,2026-05-12
M575,P436,IT Support Certificate,2029-09-18
M576,P437,Systems Analyst,2023-12-10
M577,P438,High School Diploma,2025-06-29
M578,P439,High School Diploma,2024-07-29
M579,P440,AS in Computer Science,2026-04-18
M580,P441,High School Diploma,2031-09-18
M581,P442,Competition Award,2024-10-09
M582,P443,Competition Award,2025-11-01
M583,P443,Mentorship Program,2026-05-09
M584,P444,Mentorship Program,2025-09-18
M585,P445,Mentorship Program,2025-07-21
M586,P446,Middle School Diploma,2024-11-28
M587,P447,MFA in Studio Arts,2036-01-28
M588,P448,Mentorship Program,2022-10-21
M589,P448,Internship,2022-03-27
M590,P449,BS in Mechanical Engineering,2033-07-08
M591,P450,High School Diploma,2028-08-29
M592,P451,Competition Award,2023-11-12
M593,P452,High School Diploma,2030-05-26
M594,P453,AAS in Drafting & Design,2029-01-27
M595,P453,Internship,2026-01-06
M596,P454,Lab Assistant,2025-04-07
M597,P455,Lab Assistant,2022-08-31
M598,P456,Retail Assistant,2024-11-22
M599,P457,Middle School Diploma,2026-07-17
M600,P458,Internship,2023-08-15
M601,P458,MS in Data Science,2023-03-06
M602,P459,Published Project,2026-02-20
M603,P459,Data Analytics Certificate,2032-12-08
M604,P460,MBA,2025-07-01
M605,P461,Middle School Diploma,2023-12-03
M606,P461,Retail Assistant,2022-11-26
M607,P462,Data Analytics Certificate,2025-06-07
M608,P462,MS in Information Systems,2025-02-02
M609,P463,Mentorship Program,2023-09-26
M610,P463,Digital Illustration Certificate,2023-07-13
M611,P464,Middle School Diploma,2025-09-06
M612,P465,Internship,2024-07-13
M613,P466,MS in Information Systems,2029-12-30
M614,P466,Mentorship Program,2024-12-19
M615,P467,AAS in Drafting & Design,2022-06-11
M616,P468,BA in Studio Arts,2028-12-01
M617,P468,Junior QA Tester,2025-12-01
M618,P469,Camp Counselor,2025-03-28
M619,P469,AS in Computer Science,2027-12-17
M620,P470,Data Analytics Certificate,2028-01-23
M621,P471,Published Project,2025-08-29
M622,P471,Clinical Data Coordinator,2026-03-11
M623,P472,Middle School Diploma,2023-02-14
M624,P473,Camp Counselor,2023-01-03
M625,P474,High School Diploma,2024-08-10
M626,P474,MS in Data Science,2028-11-11
M627,P475,High School Diploma,2027-03-29
M628,P476,High School Diploma,2022-09-16
M629,P476,Clinical Data Coordinator,2022-03-08
M630,P477,High School Diploma,2025-07-14
M631,P477,Retail Assistant,2025-05-15
M632,P478,Mentorship Program,2025-11-09
M633,P479,Competition Award,2026-03-11
M634,P480,BS in Mechanical Engineering,2022-11-20
M635,P480,Published Project,2022-08-16
M636,P481,High School Diploma,2030-07-21
M637,P482,Internship,2023-08-29
M638,P483,Middle School Diploma,2022-05-18
M639,P483,AA in Art & Design,2026-10-06
M640,P484,High School Diploma,2024-10-22
M641,P485,MFA in Studio Arts,2031-05-17
M642,P486,Software Engineer I,2031-02-08
M643,P487,Mentorship Program,2022-02-15
M644,P488,Retail Assistant,2023-07-27
M645,P488,BS in Computer Science,2034-07-04
M646,P489,Middle School Diploma,2023-09-17
M647,P490,Middle School Diploma,2025-07-14
M648,P491,Published Project,2023-06-28
M649,P492,Software Engineer I,2030-08-01
M650,P492,Studio Assistant,2026-08-01
M651,P493,Systems Analyst,2025-08-05
M652,P494,Mentorship Program,2023-04-26
M653,P495,BA in Studio Arts,2028-09-29
M654,P496,Published Project,2025-08-07
M655,P497,Web Development Certificate,2027-08-03
M656,P498,Competition Award,2024-08-08
M657,P499,Middle School Diploma,2024-01-19
M658,P500,Middle School Diploma,2025-02-14
M659,P502,BS in Information Systems,2031-07-15
M660,P503,High School Diploma,2025-04-04
M661,P504,IT Support Certificate,2025-07-22
M662,P505,Internship,2022-12-27
M663,P507,Junior Art Assistant,2024-12-14
M664,P507,Internship,2024-12-15
M665,P507,IT Support Certificate,2028-08-31
M666,P508,Mentorship Program,2022-06-30
M667,P508,BS in Information Systems,2022-08-08
M668,P509,Studio Assistant,2031-07-03
M669,P510,Digital Illustration Certificate,2024-12-26
M670,P510,High School Diploma,2023-12-26
M671,P511,Published Project,2024-10-22
M672,P512,MS in Information Systems,2033-08-30
M673,P513,Middle School Diploma,2025-05-12
M674,P514,Competition Award,2025-06-10
M675,P515,Apprentice Technician,2024-08-17
M676,P515,BS in Mechanical Engineering,2023-09-18
M677,P516,Internship,2025-04-20
M678,P517,Junior QA Tester,2026-04-14
M679,P518,Junior Art Assistant,2023-11-17
M680,P519,Apprentice Technician,2022-09-17
M681,P521,MS in Information Systems,2024-02-06
M682,P522,Published Project,2021-12-14
M683,P523,BS in Information Systems,2024-09-16
M684,P524,Competition Award,2024-04-08
M685,P525,Middle School Diploma,2027-10-29
M686,P526,High School Diploma,2026-04-09
M687,P527,AAS in Drafting & Design,2025-12-05
M688,P528,Internship,2024-12-23
M689,P529,Retail Assistant,2024-06-09
M690,P530,Middle School Diploma,2023-12-01
M691,P531,High School Diploma,2023-07-28
M692,P532,High School Diploma,2029-02-23
M693,P532,AAS in Drafting & Design,2030-02-23
M694,P533,MFA in Studio Arts,2028-12-08
M695,P534,Data Analyst,2029-02-03
M696,P535,IT Help Desk Trainee,2023-06-01
M697,P536,Lab Assistant,2025-12-07
M698,P536,Data Analytics Certificate,2026-12-07
M699,P537,Mentorship Program,2026-04-05
M700,P538,Published Project,2023-01-25
M701,P539,High School Diploma,2031-10-10
M702,P540,Competition Award,2023-04-15
M703,P541,Middle School Diploma,2023-07-29
M704,P541,Internship,2023-07-04
M705,P542,High School Diploma,2025-05-07
M706,P543,Published Project,2022-07-16
M707,P543,Lab Assistant,2024-12-10
M708,P544,Digital Illustration Certificate,2025-10-26
M709,P545,Internship,2024-07-16
M710,P545,Retail Assistant,2024-02-24
M711,P546,High School Diploma,2023-12-08
M712,P547,MS in Information Systems,2029-03-31
M713,P548,Digital Illustration Certificate,2025-07-05
M714,P549,Junior Art Assistant,2023-08-05
M715,P550,Retail Assistant,2022-09-17
M716,P550,Published Project,2022-07-27
M717,P551,Web Development Certificate,2027-08-03
M718,P552,Apprentice Technician,2023-07-25
M719,P553,Retail Assistant,2025-05-20
M720,P554,Digital Illustration Certificate,2022-07-24
M721,P555,Middle School Diploma,2025-04-15
M722,P556,High School Diploma,2022-07-05
M723,P556,Lifeguard,2022-05-02
M724,P556,Apprentice Technician,2022-09-01
M725,P557,Internship,2024-07-11
M726,P557,BS in Mechanical Engineering,2024-05-06
M727,P558,BS in Information Systems,2026-01-16
M728,P559,Data Analyst,2027-09-23
M729,P560,BA in Studio Arts,2032-04-27
M730,P560,Middle School Diploma,2025-04-27
M731,P561,Apprentice Technician,2025-10-09
M732,P561,AS in Information Systems,2025-11-18
M733,P562,Competition Award,2022-12-07
M734,P563,MS in Data Science,2023-11-16
M735,P563,Lab Assistant,2024-02-18
M736,P564,Mentorship Program,2024-05-26
M737,P565,Digital Illustration Certificate,2031-06-17
M738,P565,Competition Award,2023-07-10
M739,P566,Software Engineer I,2030-04-04
M740,P566,BS in Information Systems,2030-03-05
M741,P567,Data Analytics Certificate,2025-10-16
M742,P568,High School Diploma,2025-10-31
M743,P568,Middle School Diploma,2024-10-31
M744,P570,MS in Information Systems,2033-10-02
M745,P572,Mentorship Program,2022-07-23
M746,P573,Customer Support Rep,2026-04-29
M747,P573,Data Analytics Certificate,2026-05-13
M748,P574,Middle School Diploma,2023-05-10
M749,P575,Web Development Certificate,2022-12-23
M750,P576,IT Help Desk Trainee,2024-05-28
M751,P577,IT Help Desk Trainee,2023-09-17
M752,P578,Competition Award,2025-06-07
M753,P579,Internship,2026-04-18
M754,P580,MS in Data Science,2024-10-31
M755,P581,Published Project,2023-10-23
M756,P582,Internship,2022-02-14
M757,P582,AS in Information Systems,2022-01-20
M758,P583,AS in Information Systems,2028-10-18
M759,P584,IT Support Certificate,2029-05-09
M760,P584,Lab Assistant,2028-05-09
M761,P584,Middle School Diploma,2024-05-12
M762,P585,Software Engineer I,2026-10-21
M763,P586,Apprentice Technician,2022-02-20
M764,P587,MS in Data Science,2024-08-26
M765,P588,Internship,2024-03-26
M766,P589,AS in Information Systems,2027-04-03
M767,P590,Web Development Certificate,2028-08-03
M768,P592,Competition Award,2023-08-02
M769,P593,Competition Award,2025-02-01
M770,P594,AA in Art & Design,2023-06-05
M771,P595,Mentorship Program,2025-06-03
M772,P595,Customer Support Rep,2023-08-20
M773,P596,Competition Award,2024-08-14
M774,P596,Middle School Diploma,2024-04-19
M775,P597,MS in Information Systems,2024-01-08
M776,P598,Clinical Data Coordinator,2033-11-14
M777,P598,Lab Assistant,2029-11-14
M778,P599,Product Designer,2024-10-13
M779,P599,Customer Support Rep,2022-03-02
M780,P600,Data Analytics Certificate,2026-04-09
M781,P601,Internship,2025-10-20
M782,P601,MFA in Studio Arts,2028-10-28
M783,P602,Competition Award,2022-02-28
M784,P603,MS in Data Science,2028-10-24
M785,P604,Digital Illustration Certificate,2025-11-18
M786,P604,Competition Award,2025-11-29
M787,P604,AAS in Drafting & Design,2025-10-02
M788,P605,BS in Data Analytics,2033-05-05
M789,P605,IT Help Desk Trainee,2022-11-08
M790,P605,Competition Award,2025-05-21
M791,P606,Web Development Certificate,2030-09-19
M792,P607,Published Project,2023-01-19
M793,P607,High School Diploma,2031-04-23
M794,P608,Studio Assistant,2026-03-04
M795,P608,Middle School Diploma,2023-03-27
M796,P609,Web Development Certificate,2029-08-02
M797,P609,BA in Studio Arts,2031-08-02
M798,P610,MS in Data Science,2030-08-17
M799,P611,Competition Award,2024-03-12
M800,P612,High School Diploma,2031-02-25
M801,P613,Retail Assistant,2023-01-25
M802,P613,Mentorship Program,2022-10-29
M803,P614,MS in Data Science,2034-02-23
M804,P615,AA in Art & Design,2026-05-23
M805,P615,Junior QA Tester,2026-05-11
M806,P616,Customer Support Rep,2023-10-20
M807,P617,Mentorship Program,2022-10-22
M808,P618,Competition Award,2024-04-09
M809,P619,AS in Information Systems,2032-04-21
M810,P620,Competition Award,2023-08-20
M811,P620,Published Project,2023-01-09
M812,P621,BS in Computer Science,2027-05-31
M813,P622,IT Support Certificate,2024-06-18
M814,P623,Lifeguard,2023-11-03
M815,P624,Studio Assistant,2024-02-20
M816,P625,Middle School Diploma,2025-08-26
M817,P625,BS in Computer Science,2032-08-26
M818,P626,Retail Assistant,2024-07-27
M819,P627,BS in Computer Science,2023-04-25
M820,P628,Published Project,2022-07-23
M821,P629,Competition Award,2025-07-31
M822,P629,High School Diploma,2030-08-10
M823,P630,Internship,2023-08-29
M824,P630,IT Support Certificate,2025-07-31
M825,P631,Competition Award,2025-12-14
M826,P632,Internship,2023-11-22
M827,P632,BS in Information Systems,2024-05-25
M828,P633,MS in Information Systems,2027-11-04
M829,P634,AA in Art & Design,2026-07-23
M830,P635,Lab Assistant,2024-01-17
M831,P636,Mentorship Program,2025-11-15
M832,P637,AS in Information Systems,2027-09-08
M833,P638,Middle School Diploma,2024-11-05
M834,P638,Internship,2024-05-20
M835,P639,Middle School Diploma,2025-05-02
M836,P640,Internship,2025-01-13
M837,P640,Middle School Diploma,2025-04-20
M838,P641,BS in Data Analytics,2029-10-11
M839,P641,AS in Computer Science,2027-10-11
M840,P642,IT Support Certificate,2027-05-08
M841,P643,Internship,2025-03-19
M842,P644,Mentorship Program,2022-09-10
M843,P645,High School Diploma,2024-08-04
M844,P646,High School Diploma,2029-04-30
M845,P646,Junior QA Tester,2029-05-30
M846,P647,Internship,2022-10-24
M847,P648,IT Support Certificate,2022-07-22
M848,P649,BA in Studio Arts,2030-11-16
M849,P649,Middle School Diploma,2024-11-01
M850,P650,BS in Mechanical Engineering,2028-07-23
M851,P650,Systems Analyst,2028-08-22
M852,P651,AA in Art & Design,2022-05-25
M853,P652,Published Project,2023-11-13
M854,P652,Digital Illustration Certificate,2023-12-17
M855,P653,AS in Computer Science,2026-07-21
M856,P654,IT Help Desk Trainee,2024-06-20
M857,P654,High School Diploma,2024-08-19
M858,P655,Middle School Diploma,2024-01-22
M859,P656,Apprentice Technician,2028-12-05
M860,P656,BS in Data Analytics,2031-12-05
M861,P657,Mentorship Program,2025-11-19
M862,P658,High School Diploma,2024-02-14
M863,P659,Product Designer,2025-12-21
M864,P659,Apprentice Technician,2023-06-02
M865,P660,Middle School Diploma,2024-08-30
M866,P661,Junior Art Assistant,2024-01-31
M867,P662,Data Analytics Certificate,2025-10-16
M868,P663,Lab Assistant,2022-11-08
M869,P663,Internship,2023-01-01
M870,P663,Published Project,2022-08-12
M871,P664,Internship,2022-07-28
M872,P664,AS in Computer Science,2024-01-17
M873,P664,Mentorship Program,2023-01-17
M874,P665,AS in Information Systems,2024-07-13
M875,P666,BS in Data Analytics,2024-12-19
M876,P667,Clinical Data Coordinator,2035-03-07
M877,P668,AS in Information Systems,2031-08-06
M878,P668,Competition Award,2025-12-26
M879,P668,MS in Information Systems,2035-08-06
M880,P669,High School Diploma,2024-03-07
M881,P670,AS in Information Systems,2025-03-20
M882,P671,Middle School Diploma,2025-04-17
M883,P671,Clinical Data Coordinator,2032-01-06
M884,P672,High School Diploma,2028-09-07
M885,P673,AS in Information Systems,2025-06-17
M886,P674,Web Development Certificate,2024-06-15
M887,P675,AA in Art & Design,2028-11-06
M888,P676,Competition Award,2025-05-06
M889,P677,Middle School Diploma,2027-08-18
M890,P678,Data Analytics Certificate,2031-09-19
M891,P679,IT Support Certificate,2027-02-14
M892,P679,IT Help Desk Trainee,2024-02-04
M893,P680,High School Diploma,2024-03-22
M894,P681,Studio Assistant,2025-09-06
M895,P682,Competition Award,2022-10-26
M896,P682,Data Analyst,2028-10-02
M897,P683,Published Project,2025-12-05
M898,P684,Competition Award,2025-06-25
M899,P686,Internship,2023-01-31
M900,P686,Mentorship Program,2023-03-26
M901,P687,Lab Assistant,2023-03-28
M902,P688,Competition Award,2022-05-01
M903,P689,Studio Assistant,2029-04-29
M904,P690,MS in Data Science,2024-06-17
M905,P692,High School Diploma,2026-01-23
M906,P693,Middle School Diploma,2023-11-23
M907,P694,Published Project,2022-04-30
M908,P695,Junior QA Tester,2030-11-14
M909,P695,MFA in Studio Arts,2035-11-14
M910,P697,Middle School Diploma,2024-03-03
M911,P698,Lab Assistant,2029-07-12
M912,P699,Published Project,2024-09-17
M913,P699,Internship,2025-02-04
M914,P700,Internship,2025-03-25
M915,P700,Junior Art Assistant,2024-11-11
M916,P701,AS in Computer Science,2027-03-17
M917,P702,MS in Data Science,2029-02-04
M918,P703,Apprentice Technician,2031-06-30
M919,P703,Competition Award,2022-08-20
M920,P704,Mentorship Program,2025-03-04
M921,P705,Clinical Data Coordinator,2024-06-25
M922,P706,High School Diploma,2026-08-11
M923,P707,High School Diploma,2023-11-15
M924,P708,Published Project,2025-05-19
M925,P709,MBA,2030-12-03
M926,P709,Camp Counselor,2023-05-13
M927,P710,Middle School Diploma,2026-07-12
M928,P711,Published Project,2025-08-16
M929,P712,Apprentice Technician,2027-07-05
M930,P713,Digital Illustration Certificate,2027-05-20
M931,P714,Lifeguard,2023-07-27
M932,P715,Customer Support Rep,2024-09-14
M933,P715,Internship,2024-08-02
M934,P716,High School Diploma,2026-07-20
M935,P717,Middle School Diploma,2025-08-24
M936,P717,Apprentice Technician,2025-07-21
M937,P718,Systems Analyst,2027-06-04
M938,P719,Mentorship Program,2022-07-03
M939,P720,Systems Analyst,2033-03-05
M940,P720,High School Diploma,2029-03-05
M941,P721,IT Support Certificate,2023-05-03
M942,P722,Clinical Data Coordinator,2025-08-14
M943,P722,Published Project,2024-10-18
M944,P723,Customer Support Rep,2023-11-05
M945,P724,Apprentice Technician,2023-06-12
M946,P724,BS in Information Systems,2025-05-05
M947,P725,Apprentice Technician,2027-04-13
M948,P725,High School Diploma,2027-03-14
M949,P725,Middle School Diploma,2026-03-14
M950,P726,BS in Computer Science,2028-02-24
M951,P727,Digital Illustration Certificate,2024-03-10
M952,P728,Competition Award,2024-06-17
M953,P729,Product Designer,2026-05-03
M954,P731,AAS in Drafting & Design,2027-07-18
M955,P731,Product Designer,2030-07-18
M956,P732,Middle School Diploma,2025-04-26
M957,P733,Camp Counselor,2023-02-15
M958,P734,Middle School Diploma,2026-04-04
M959,P735,High School Diploma,2026-10-24
M960,P736,Middle School Diploma,2023-12-09
M961,P738,AAS in Drafting & Design,2024-06-23
M962,P739,Mentorship Program,2023-04-22
M963,P741,Internship,2023-01-22
M964,P742,AAS in Drafting & Design,2023-12-02
M965,P742,Lab Assistant,2023-06-13
M966,P743,Mentorship Program,2024-04-02
M967,P746,MFA in Studio Arts,2027-03-08
M968,P746,Customer Support Rep,2025-06-19
M969,P747,Lifeguard,2024-04-27
M970,P748,Published Project,2022-09-26
M971,P749,MFA in Studio Arts,2033-02-01
M972,P750,Internship,2025-10-30
M973,P751,Internship,2022-08-02
M974,P752,Junior Art Assistant,2022-06-30
M975,P753,Product Designer,2035-05-05
M976,P754,Mentorship Program,2023-04-18
M977,P755,Middle School Diploma,2023-04-16
M978,P755,MFA in Studio Arts,2024-04-30
M979,P756,Apprentice Technician,2024-05-07
M980,P757,Competition Award,2025-05-28
M981,P758,High School Diploma,2025-05-14
M982,P758,Published Project,2024-12-15
M983,P759,Systems Analyst,2033-02-01
M984,P759,Mentorship Program,2023-04-20
M985,P759,Internship,2023-04-14
M986,P760,Studio Assistant,2023-01-13
M987,P760,Software Engineer I,2023-04-04
M988,P762,Mentorship Program,2024-10-13
M989,P763,Internship,2023-04-20
M990,P764,Published Project,2024-04-18
M991,P764,Mentorship Program,2024-03-15
M992,P765,Published Project,2023-10-31
M993,P765,High School Diploma,2023-11-26
M994,P766,Published Project,2025-01-26
M995,P767,Product Designer,2034-06-07
M996,P768,Systems Analyst,2026-02-04
M997,P769,AS in Computer Science,2029-04-22
M998,P769,BA in Studio Arts,2031-04-22
M999,P770,High School Diploma,2031-12-04
M1000,P770,Web Development Certificate,2032-12-04
M1001,P771,Internship,2024-08-23
M1002,P772,MS in Data Science,2031-04-29
M1003,P772,Published Project,2026-07-27
M1004,P773,Data Analyst,2025-04-27
M1005,P773,Mentorship Program,2025-06-12
M1006,P773,Published Project,2025-10-29
M1007,P774,IT Help Desk Trainee,2022-05-29
M1008,P774,Clinical Data Coordinator,2027-03-22
M1009,P775,Mentorship Program,2025-05-10
M1010,P775,MS in Data Science,2029-07-07
M1011,P775,Internship,2025-03-12
M1012,P776,Digital Illustration Certificate,2027-08-28
M1013,P777,Data Analytics Certificate,2024-08-19
M1014,P778,Competition Award,2024-01-23
M1015,P779,AAS in Drafting & Design,2025-10-29
M1016,P780,Lifeguard,2023-05-18
M1017,P781,BS in Mechanical Engineering,2024-07-29
M1018,P781,Published Project,2024-09-06
M1019,P782,MS in Data Science,2030-11-13
M1020,P783,Published Project,2025-10-09
M1021,P783,Camp Counselor,2025-11-01
M1022,P784,Middle School Diploma,2024-12-18
M1023,P785,Middle School Diploma,2024-12-11
M1024,P786,IT Support Certificate,2025-09-13
M1025,P787,Middle School Diploma,2025-01-30
M1026,P788,Lab Assistant,2030-11-02
M1027,P789,Web Development Certificate,2028-10-05
M1028,P790,Apprentice Technician,2022-05-02
M1029,P790,Published Project,2022-06-22
M1030,P792,BS in Data Analytics,2032-01-09
M1031,P793,IT Support Certificate,2030-10-30
M1032,P794,Mentorship Program,2023-12-28
M1033,P795,Published Project,2025-04-01
M1034,P796,MBA,2027-03-26
M1035,P797,High School Diploma,2023-02-15
M1036,P798,Competition Award,2023-05-11
M1037,P799,Middle School Diploma,2027-02-05
M1038,P800,Published Project,2023-11-13
M1039,P801,AS in Information Systems,2030-11-18
M1040,P802,Internship,2022-03-10
M1041,P803,Data Analyst,2026-04-10
M1042,P804,BS in Computer Science,2028-05-16
M1043,P804,Data Analytics Certificate,2026-05-16
M1044,P805,Apprentice Technician,2024-04-02
M1045,P806,Software Engineer I,2024-06-29
M1046,P806,BS in Information Systems,2024-05-30
M1047,P806,Mentorship Program,2024-06-03
M1048,P807,AS in Information Systems,2025-01-27
M1049,P808,High School Diploma,2029-06-14
M1050,P808,Lifeguard,2024-12-05
M1051,P809,Camp Counselor,2026-03-07
M1052,P810,AAS in Drafting & Design,2025-08-08
M1053,P811,Junior Art Assistant,2025-07-05
M1054,P812,Competition Award,2022-11-04
M1055,P813,MS in Information Systems,2027-02-05
M1056,P813,Product Designer,2027-03-07
M1057,P814,Camp Counselor,2022-09-02
M1058,P814,Competition Award,2024-06-06
M1059,P815,Published Project,2025-01-09
M1060,P817,IT Support Certificate,2030-06-15
M1061,P818,High School Diploma,2031-02-02
M1062,P818,Published Project,2023-02-19
M1063,P818,Systems Analyst,2035-02-02
M1064,P819,MS in Data Science,2036-07-19
M1065,P820,Mentorship Program,2024-01-02
M1066,P821,Mentorship Program,2023-04-30
M1067,P822,Middle School Diploma,2023-12-03
M1068,P823,Competition Award,2025-06-24
M1069,P825,IT Support Certificate,2024-12-18
M1070,P825,Mentorship Program,2025-04-13
M1071,P826,Clinical Data Coordinator,2024-06-25
M1072,P826,Lab Assistant,2025-12-13
M1073,P826,AA in Art & Design,2025-12-31
M1074,P827,MBA,2024-07-22
M1075,P828,Published Project,2022-03-12
M1076,P829,MS in Data Science,2024-07-30
M1077,P830,AS in Computer Science,2032-07-06
M1078,P831,BS in Data Analytics,2026-04-30
M1079,P831,High School Diploma,2024-11-06
M1080,P832,Middle School Diploma,2024-03-11
M1081,P832,Studio Assistant,2024-03-01
M1082,P833,Web Development Certificate,2027-01-20
M1083,P834,Middle School Diploma,2022-03-21
M1084,P835,Web Development Certificate,2025-08-25
M1085,P836,Middle School Diploma,2027-07-12
M1086,P836,Internship,2025-11-27
M1087,P837,Web Development Certificate,2024-12-01
M1088,P837,Data Analyst,2024-07-09
M1089,P838,Data Analyst,2028-11-26
M1090,P839,BA in Studio Arts,2024-06-11
M1091,P839,Lab Assistant,2023-09-19
M1092,P840,MS in Information Systems,2032-08-20
M1093,P841,Mentorship Program,2025-12-04
M1094,P841,Published Project,2024-05-08
M1095,P842,Competition Award,2024-06-09
M1096,P843,MFA in Studio Arts,2030-03-08
M1097,P843,Internship,2023-02-11
M1098,P844,Middle School Diploma,2024-04-24
M1099,P845,High School Diploma,2025-07-17
M1100,P846,MBA,2028-09-18
M1101,P847,Middle School Diploma,2026-05-13
M1102,P848,AAS in Drafting & Design,2024-09-15
M1103,P849,Studio Assistant,2029-02-23
M1104,P850,AAS in Drafting & Design,2027-02-09
M1105,P851,Mentorship Program,2025-07-10
M1106,P851,Middle School Diploma,2025-05-08
M1107,P852,BS in Mechanical Engineering,2025-12-21
M1108,P852,Published Project,2023-06-05
M1109,P854,Competition Award,2024-04-18
M1110,P855,Digital Illustration Certificate,2025-07-09
M1111,P856,Competition Award,2023-07-31
M1112,P857,Digital Illustration Certificate,2031-06-28
M1113,P858,MBA,2022-07-05
M1114,P859,Published Project,2023-04-03
M1115,P859,Internship,2023-10-24
M1116,P860,BA in Studio Arts,2028-08-18
M1117,P861,Internship,2024-12-01
M1118,P862,Systems Analyst,2026-01-20
M1119,P862,Middle School Diploma,2026-01-23
M1120,P863,AS in Computer Science,2026-11-26
M1121,P863,High School Diploma,2025-11-26
M1122,P864,High School Diploma,2027-05-30
M1123,P864,AS in Information Systems,2028-05-30
M1124,P865,Digital Illustration Certificate,2026-01-21
M1125,P865,Lab Assistant,2026-03-11
M1126,P866,Internship,2024-01-20
M1127,P866,Published Project,2023-11-26
M1128,P867,Retail Assistant,2023-09-23
M1129,P868,Lab Assistant,2029-12-17
M1130,P868,Middle School Diploma,2025-12-17
M1131,P869,Competition Award,2022-10-06
M1132,P870,Lifeguard,2025-11-10
M1133,P870,Middle School Diploma,2026-05-12
M1134,P871,Web Development Certificate,2022-02-23
M1135,P872,Internship,2026-01-06
M1136,P874,Clinical Data Coordinator,2024-11-30
M1137,P875,Camp Counselor,2024-02-14
M1138,P875,Mentorship Program,2023-07-03
M1139,P876,BS in Data Analytics,2023-09-20
M1140,P877,Competition Award,2024-09-09
M1141,P878,Mentorship Program,2023-12-24
M1142,P879,Software Engineer I,2028-09-26
M1143,P881,AA in Art & Design,2029-09-10
M1144,P882,Published Project,2025-04-25
M1145,P883,BS in Information Systems,2029-09-03
M1146,P884,Apprentice Technician,2024-12-06
M1147,P885,Lifeguard,2024-11-05
M1148,P885,Mentorship Program,2024-12-10
M1149,P886,BS in Information Systems,2028-01-25
M1150,P887,Competition Award,2026-06-19
M1151,P889,AS in Computer Science,2025-03-30
M1152,P890,Digital Illustration Certificate,2025-12-16
M1153,P890,High School Diploma,2025-09-17
M1154,P892,Mentorship Program,2022-06-05
M1155,P893,High School Diploma,2026-09-22
M1156,P894,Middle School Diploma,2022-03-11
M1157,P895,Data Analytics Certificate,2024-11-29
M1158,P896,Junior Art Assistant,2023-09-30
M1159,P897,High School Diploma,2025-02-03
M1160,P898,Mentorship Program,2023-09-26
M1161,P899,Customer Support Rep,2027-08-02
M1162,P900,AA in Art & Design,2027-04-10
M1163,P901,Competition Award,2024-10-04
M1164,P902,Mentorship Program,2025-05-11
M1165,P903,Systems Analyst,2025-09-07
M1166,P904,BS in Information Systems,2025-11-12
M1167,P905,AS in Information Systems,2025-06-22
M1168,P906,Internship,2024-08-26
M1169,P906,MS in Data Science,2024-11-11
M1170,P907,High School Diploma,2025-06-04
M1171,P908,BA in Studio Arts,2026-04-29
M1172,P908,Mentorship Program,2026-01-18
M1173,P909,Software Engineer I,2022-07-03
M1174,P911,Mentorship Program,2025-12-15
M1175,P912,Competition Award,2025-12-19
M1176,P913,Mentorship Program,2023-09-04
M1177,P914,Junior Art Assistant,2024-09-18
M1178,P915,Lab Assistant,2025-09-16
M1179,P916,Internship,2024-12-03
M1180,P917,Internship,2023-12-04
M1181,P918,BS in Information Systems,2033-01-29
M1182,P919,Internship,2023-03-16
M1183,P920,Junior Art Assistant,2022-06-09
M1184,P921,Middle School Diploma,2023-05-09
M1185,P922,Retail Assistant,2023-07-29
M1186,P923,MBA,2024-04-21
M1187,P924,Junior Art Assistant,2024-10-01
M1188,P925,Middle School Diploma,2027-03-06
M1189,P926,AAS in Drafting & Design,2025-10-30
M1190,P927,High School Diploma,2023-06-30
M1191,P928,Customer Support Rep,2024-06-18
M1192,P929,Middle School Diploma,2023-03-29
M1193,P930,Data Analyst,2028-07-19
M1194,P930,MS in Information Systems,2028-06-19
M1195,P931,Published Project,2024-12-01
M1196,P932,Junior Art Assistant,2024-03-05
M1197,P933,BS in Information Systems,2031-11-29
M1198,P934,High School Diploma,2025-08-27
M1199,P935,BS in Data Analytics,2025-12-21
M1200,P935,Apprentice Technician,2022-12-21
M1201,P936,Middle School Diploma,2023-03-25
M1202,P937,Apprentice Technician,2022-09-20
M1203,P938,Lab Assistant,2025-03-13
M1204,P938,Internship,2024-11-19
M1205,P938,Published Project,2025-06-26
M1206,P938,Mentorship Program,2025-01-11
M1207,P939,AS in Information Systems,2025-03-16
M1208,P940,BS in Data Analytics,2025-05-16
M1209,P941,MS in Information Systems,2035-07-19
M1210,P941,Mentorship Program,2023-04-21
M1211,P941,Published Project,2022-10-07
M1212,P941,Internship,2022-11-06
M1213,P942,BS in Data Analytics,2022-10-22
M1214,P943,MFA in Studio Arts,2023-07-12
M1215,P943,Internship,2025-12-09
M1216,P943,Middle School Diploma,2025-09-01
M1217,P944,Software Engineer I,2025-05-16
M1218,P945,Systems Analyst,2024-08-24
M1219,P946,Competition Award,2024-04-19
M1220,P946,Internship,2024-03-16
M1221,P947,Competition Award,2024-02-29
M1222,P948,BS in Computer Science,2025-02-17
M1223,P949,High School Diploma,2022-08-09
M1224,P949,Junior Art Assistant,2022-05-15
M1225,P951,BS in Data Analytics,2028-05-31
M1226,P952,Competition Award,2025-07-27
M1227,P953,IT Support Certificate,2022-09-05
M1228,P954,Data Analytics Certificate,2024-12-23
M1229,P954,BS in Computer Science,2025-04-29
M1230,P955,Mentorship Program,2026-03-23
M1231,P956,Competition Award,2023-08-01
M1232,P956,Mentorship Program,2023-05-15
M1233,P956,Software Engineer I,2026-02-10
M1234,P958,BS in Information Systems,2023-06-30
M1235,P958,Competition Award,2023-02-06
M1236,P959,Published Project,2023-06-04
M1237,P960,Junior QA Tester,2024-07-04
M1238,P961,Mentorship Program,2022-05-24
M1239,P962,Digital Illustration Certificate,2032-03-16
M1240,P962,Internship,2024-10-30
M1241,P962,Mentorship Program,2024-09-10
M1242,P963,Published Project,2024-11-17
M1243,P964,Software Engineer I,2030-03-18
M1244,P965,Digital Illustration Certificate,2025-09-26
M1245,P965,Competition Award,2025-04-05
M1246,P966,Internship,2023-08-06
M1247,P967,Competition Award,2022-09-01
M1248,P968,Published Project,2025-09-07
M1249,P970,IT Support Certificate,2026-09-22
M1250,P970,IT Help Desk Trainee,2022-09-28
M1251,P971,Camp Counselor,2024-11-11
M1252,P972,High School Diploma,2022-11-09
M1253,P973,Internship,2024-09-01
M1254,P974,High School Diploma,2029-06-30
M1255,P975,Studio Assistant,2028-11-09
M1256,P975,BS in Information Systems,2031-11-09
M1257,P976,MS in Information Systems,2031-01-25
M1258,P977,Middle School Diploma,2025-06-05
M1259,P978,Mentorship Program,2026-07-28
M1260,P978,Competition Award,2026-01-19
M1261,P979,Lab Assistant,2030-11-26
M1262,P980,Retail Assistant,2025-04-23
M1263,P980,Junior QA Tester,2025-07-01
M1264,P981,MFA in Studio Arts,2035-03-12
M1265,P982,MS in Information Systems,2024-11-06
M1266,P983,BS in Data Analytics,2024-10-09
M1267,P983,Internship,2024-03-21
M1268,P984,Competition Award,2023-07-18
M1269,P985,MFA in Studio Arts,2024-12-12
M1270,P986,High School Diploma,2023-08-26
M1271,P987,Published Project,2022-12-19
M1272,P988,Mentorship Program,2024-02-12
M1273,P989,Mentorship Program,2025-01-29
M1274,P989,IT Help Desk Trainee,2025-10-28
M1275,P990,Digital Illustration Certificate,2030-12-11
M1276,P991,Junior QA Tester,2026-05-17
M1277,P991,High School Diploma,2026-04-17
M1278,P991,Retail Assistant,2025-08-24
M1279,P992,MBA,2023-10-20
M1280,P992,Published Project,2023-10-20
M1281,P993,Published Project,2024-12-30
M1282,P994,Published Project,2025-01-18
M1283,P995,Product Designer,2026-03-19
M1284,P996,Published Project,2024-09-19
M1285,P997,Competition Award,2022-10-02
M1286,P998,High School Diploma,2022-09-29
M1287,P999,Studio Assistant,2023-06-22
M1288,P1000,Data Analyst,2027-07-22
M1289,P1000,Middle School Diploma,2022-05-01
M1290,P1001,MS in Data Science,2026-11-10
M1291,P1001,Published Project,2025-02-19
M1292,P1002,Web Development Certificate,2024-02-20
M1293,P1003,High School Diploma,2031-08-25
M1294,P1005,AA in Art & Design,2027-06-06
M1295,P1005,Lifeguard,2025-10-29
M1296,P1006,BS in Information Systems,2028-09-18
M1297,P1006,Internship,2024-11-18
M1298,P1007,BS in Mechanical Engineering,2023-09-15
M1299,P1008,Published Project,2022-07-07
M1300,P1008,High School Diploma,2023-12-02
M1301,P1009,Clinical Data Coordinator,2022-04-18
M1302,P1010,Mentorship Program,2024-08-23
M1303,P1011,Internship,2024-03-06
M1304,P1012,Data Analyst,2025-08-13
M1305,P1013,AS in Information Systems,2032-10-27
M1306,P1013,Internship,2023-03-31
M1307,P1014,Mentorship Program,2024-01-02
M1308,P1015,BS in Information Systems,2022-09-18
M1309,P1015,MS in Information Systems,2024-09-18
M1310,P1016,Published Project,2022-01-24
M1311,P1017,IT Support Certificate,2024-06-28
M1312,P1017,Internship,2024-01-10
M1313,P1017,Junior QA Tester,2023-11-20
M1314,P1018,Camp Counselor,2022-05-16
M1315,P1019,AS in Information Systems,2024-04-07
M1316,P1020,Mentorship Program,2025-01-10
M1317,P1021,Middle School Diploma,2024-08-14
M1318,P1022,IT Help Desk Trainee,2023-11-08
M1319,P1024,Customer Support Rep,2024-12-30
M1320,P1024,Published Project,2025-09-01
M1321,P1025,MS in Information Systems,2025-11-16
M1322,P1026,Customer Support Rep,2029-08-31
M1323,P1027,High School Diploma,2025-01-13
M1324,P1028,Published Project,2023-06-17
M1325,P1029,Clinical Data Coordinator,2022-09-14
M1326,P1030,Mentorship Program,2022-08-09
M1327,P1030,AAS in Drafting & Design,2022-03-13
M1328,P1030,Clinical Data Coordinator,2025-02-19
M1329,P1031,MBA,2027-06-22
M1330,P1031,AS in Information Systems,2025-02-18
M1331,P1032,MFA in Studio Arts,2026-09-16
M1332,P1032,Competition Award,2025-04-15
M1333,P1033,Data Analyst,2027-11-23
M1334,P1033,Digital Illustration Certificate,2024-11-12
M1335,P1033,MFA in Studio Arts,2027-10-24
M1336,P1034,Middle School Diploma,2025-10-05
M1337,P1035,BS in Mechanical Engineering,2034-06-29
M1338,P1036,Published Project,2023-12-10
M1339,P1037,Junior QA Tester,2028-04-24
M1340,P1038,Digital Illustration Certificate,2022-10-15
M1341,P1039,High School Diploma,2025-06-12
M1342,P1039,Systems Analyst,2025-09-16
M1343,P1040,High School Diploma,2025-12-21
M1344,P1040,MBA,2030-12-21
M1345,P1040,Junior Art Assistant,2022-07-03
M1346,P1041,Internship,2024-05-04
M1347,P1042,AS in Information Systems,2032-01-04
M1348,P1042,Apprentice Technician,2031-01-04
M1349,P1042,MBA,2036-01-04
M1350,P1043,Mentorship Program,2023-11-22
M1351,P1044,BS in Computer Science,2024-11-11
M1352,P1045,BS in Mechanical Engineering,2026-04-03
M1353,P1046,Competition Award,2025-10-13
M1354,P1047,Published Project,2023-12-02
M1355,P1048,Published Project,2024-09-24
M1356,P1050,Digital Illustration Certificate,2024-11-10
M1357,P1051,Lab Assistant,2030-03-05
M1358,P1052,Competition Award,2022-04-13
M1359,P1053,Middle School Diploma,2025-04-15
M1360,P1054,Published Project,2025-09-05
M1361,P1055,BS in Data Analytics,2031-03-17
M1362,P1055,Middle School Diploma,2025-03-14
M1363,P1056,Middle School Diploma,2023-05-17
M1364,P1057,Studio Assistant,2024-03-12
M1365,P1058,MFA in Studio Arts,2023-05-03
M1366,P1059,Published Project,2022-02-12
M1367,P1060,MBA,2029-02-13
M1368,P1061,Internship,2024-08-28
M1369,P1061,Published Project,2024-05-11
M1370,P1061,Junior Art Assistant,2024-10-26
M1371,P1063,High School Diploma,2031-09-24
M1372,P1063,BS in Mechanical Engineering,2034-09-24
M1373,P1064,Published Project,2023-11-08
M1374,P1065,Internship,2022-06-14
M1375,P1066,High School Diploma,2030-03-25
M1376,P1067,High School Diploma,2025-09-05
M1377,P1067,AA in Art & Design,2025-12-14
M1378,P1067,IT Support Certificate,2025-12-04
M1379,P1068,Published Project,2024-09-10
M1380,P1068,MBA,2033-11-09
M1381,P1069,AA in Art & Design,2026-06-17
M1382,P1070,Middle School Diploma,2025-03-10
M1383,P1071,Middle School Diploma,2025-10-27
M1384,P1072,AS in Computer Science,2025-08-10
M1385,P1072,Apprentice Technician,2024-09-09
M1386,P1072,IT Support Certificate,2025-08-10
M1387,P1072,High School Diploma,2024-08-10
M1388,P1073,IT Support Certificate,2022-10-06
M1389,P1073,Mentorship Program,2022-09-13
M1390,P1074,AS in Information Systems,2022-08-15
M1391,P1075,Camp Counselor,2024-07-08
M1392,P1076,MS in Information Systems,2031-04-04
M1393,P1076,Software Engineer I,2031-05-04
M1394,P1077,Competition Award,2025-02-07
M1395,P1078,Published Project,2023-05-05
M1396,P1079,Middle School Diploma,2027-05-11
M1397,P1079,High School Diploma,2031-05-11
M1398,P1080,Web Development Certificate,2022-07-07
M1399,P1080,BS in Mechanical Engineering,2022-08-27
M1400,P1081,Customer Support Rep,2024-03-19
M1401,P1082,MS in Data Science,2023-03-14
M1402,P1083,Competition Award,2023-01-10
M1403,P1084,Middle School Diploma,2022-07-18
M1404,P1085,Junior Art Assistant,2023-11-11
M1405,P1086,High School Diploma,2024-08-31
M1406,P1086,IT Help Desk Trainee,2024-03-04
M1407,P1087,High School Diploma,2030-04-26
M1408,P1088,High School Diploma,2029-08-01
M1409,P1088,BA in Studio Arts,2032-08-01
M1410,P1089,Lifeguard,2024-04-18
M1411,P1089,Studio Assistant,2024-11-05
M1412,P1090,Apprentice Technician,2022-03-04
M1413,P1090,Competition Award,2022-10-26
M1414,P1091,High School Diploma,2027-05-07
M1415,P1091,BS in Mechanical Engineering,2030-05-07
M1416,P1092,AAS in Drafting & Design,2026-10-30
M1417,P1092,IT Support Certificate,2026-10-30
M1418,P1093,MS in Data Science,2024-08-30
M1419,P1094,MFA in Studio Arts,2029-10-27
M1420,P1095,Published Project,2024-04-15
M1421,P1095,Lifeguard,2025-05-31
M1422,P1095,Mentorship Program,2025-06-13
M1423,P1096,BS in Computer Science,2024-02-17
M1424,P1097,AS in Information Systems,2025-05-23
M1425,P1097,BS in Computer Science,2023-08-11
M1426,P1098,Mentorship Program,2025-08-14
M1427,P1099,Mentorship Program,2025-03-08
M1428,P1100,Mentorship Program,2024-07-01
M1429,P1101,Mentorship Program,2025-11-01
M1430,P1101,Middle School Diploma,2025-11-08
M1431,P1102,Lifeguard,2025-01-25
M1432,P1103,BS in Computer Science,2026-08-12
M1433,P1103,Mentorship Program,2023-02-12
M1434,P1104,Data Analytics Certificate,2025-04-15
M1435,P1104,Lifeguard,2025-06-02
M1436,P1105,Mentorship Program,2023-03-22
M1437,P1106,Competition Award,2024-03-09
M1438,P1107,Published Project,2026-06-28
M1439,P1109,Mentorship Program,2023-10-19
M1440,P1109,Lifeguard,2024-04-22
M1441,P1109,BS in Mechanical Engineering,2033-05-27
M1442,P1110,High School Diploma,2023-12-08
M1443,P1110,Retail Assistant,2022-09-10
M1444,P1110,Middle School Diploma,2022-12-08
M1445,P1111,Studio Assistant,2024-08-08
M1446,P1112,Junior QA Tester,2029-01-06
M1447,P1113,Published Project,2023-03-27
M1448,P1114,Published Project,2022-08-18
M1449,P1115,High School Diploma,2026-01-30
M1450,P1115,BS in Computer Science,2027-07-24
M1451,P1115,Middle School Diploma,2025-01-30
M1452,P1116,Published Project,2023-11-11
M1453,P1117,Systems Analyst,2030-10-26
M1454,P1117,Data Analytics Certificate,2027-10-26
M1455,P1118,Middle School Diploma,2024-01-19
M1456,P1119,Web Development Certificate,2021-11-29
M1457,P1120,Data Analytics Certificate,2030-11-12
M1458,P1121,Internship,2023-11-27
M1459,P1122,Studio Assistant,2031-09-05
M1460,P1123,AS in Computer Science,2030-06-18
M1461,P1124,MS in Information Systems,2033-07-21
M1462,P1125,Lab Assistant,2027-07-06
M1463,P1125,High School Diploma,2027-06-06
M1464,P1126,Competition Award,2026-03-26
M1465,P1133,High School Diploma,2023-04-17
M1466,P1141,Internship,2024-05-25
M1467,P1144,BS in Data Analytics,2025-10-08
M1468,P1145,Customer Support Rep,2028-01-23
M1469,P1145,Published Project,2023-06-10
M1470,P1152,Published Project,2025-03-04
M1471,P1154,Middle School Diploma,2025-03-13
M1472,P1159,High School Diploma,2030-04-07
M1473,P1160,Internship,2025-12-13
M1474,P1162,BS in Data Analytics,2032-09-26
M1475,P1166,High School Diploma,2027-01-02
M1476,P1169,Internship,2026-09-26
M1477,P1170,Published Project,2027-03-11
M1478,P1173,Mentorship Program,2026-01-19
M1479,P1176,Competition Award,2026-06-06
M1480,P1176,MBA,2028-02-16
